[
   {
      "empid": "1",
      "FullName": "Akshay",
      "MockTakenBY": "ANISH",
      "Mockdate": "5/02/2021",
      "Technology": "React",
      "PracticalScore": "50",
      "TheoriticalScore": "67",
      "OverallFeedback": "Good",
      "ActionItem": "Approved",
      "Detailedfeedback": "Good knowledge in Html,css and Js"
    },
    {
      "empid": "2",
      "FullName": "Bharath",
      "MockTakenBY": "Rakesh",
      "Mockdate": "4/02/2021",
      "Technology": "React",
      "PracticalScore": "50",
      "TheoriticalScore": "67",
      "OverallFeedback": "Average",
      "ActionItem": "Approved",
      "Detailedfeedback": "Good knowledge in Html,css and Js"
    },
    {
      "empid": "3",
      "FullName": "Chaitra",
      "MockTakenBY": "Santhosh",
      "Mockdate": "11/02/2021",
      "Technology": "React",
      "PracticalScore": "50",
      "TheoriticalScore": "67",
      "OverallFeedback": "Average",
      "ActionItem": "Pending",
      "Detailedfeedback": "Good knowledge in Html,css and Js"
    },
    {
      "empid": "4",
      "FullName": "Deepika",
      "MockTakenBY": "Lavanya",
      "Mockdate": "13/02/2021",
      "Technology": "React",
      "PracticalScore": "50",
      "TheoriticalScore": "67",
      "OverallFeedback": "Poor",
      "ActionItem": "Rejected",
      "Detailedfeedback": "Good knowledge in Html,css and Js"
    },
    {
      "empid": "5",
      "FullName": "Bhaanu",
      "MockTakenBY": "Ramya",
      "Mockdate": "7/02/2021",
      "Technology": "React",
      "PracticalScore": "50",
      "TheoriticalScore": "67",
      "OverallFeedback": "Good",
      "ActionItem": "Approved",
      "Detailedfeedback": "Good knowledge in  Html,css and Js"
    },
    {
      "empid": "6",
      "FullName": "Sunil",
      "MockTakenBY": "Suraj",
      "Mockdate": "22/02/2021",
      "Technology": "React",
      "PracticalScore": "50",
      "TheoriticalScore": "67",
      "OverallFeedback": "Good",
      "ActionItem": "Approved",
      "Detailedfeedback": "Good knowledge in React"
    }
  ]
 